{
  "HTTP请求" : {
    "transaction" : "HTTP请求",
    "sampleCount" : 2000,
    "errorCount" : 0,
    "errorPct" : 0.0,
    "meanResTime" : 72.61099999999995,
    "medianResTime" : 7.0,
    "minResTime" : 1.0,
    "maxResTime" : 454.0,
    "pct1ResTime" : 363.9000000000001,
    "pct2ResTime" : 431.0,
    "pct3ResTime" : 444.99,
    "throughput" : 981.3542688910696,
    "receivedKBytesPerSec" : 1583.2004416094212,
    "sentKBytesPerSec" : 153.33660451422966
  },
  "Total" : {
    "transaction" : "Total",
    "sampleCount" : 2000,
    "errorCount" : 0,
    "errorPct" : 0.0,
    "meanResTime" : 72.61099999999995,
    "medianResTime" : 7.0,
    "minResTime" : 1.0,
    "maxResTime" : 454.0,
    "pct1ResTime" : 363.9000000000001,
    "pct2ResTime" : 431.0,
    "pct3ResTime" : 444.99,
    "throughput" : 981.3542688910696,
    "receivedKBytesPerSec" : 1583.2004416094212,
    "sentKBytesPerSec" : 153.33660451422966
  }
}